-- phpMyAdmin SQL Dump
-- version 5.2.0
-- https://www.phpmyadmin.net/
--
-- Hôte : 127.0.0.1:3306
-- Généré le : ven. 12 avr. 2024 à 15:52
-- Version du serveur : 8.0.31
-- Version de PHP : 7.3.12

SET SQL_MODE = "NO_AUTO_VALUE_ON_ZERO";
START TRANSACTION;
SET time_zone = "+00:00";


/*!40101 SET @OLD_CHARACTER_SET_CLIENT=@@CHARACTER_SET_CLIENT */;
/*!40101 SET @OLD_CHARACTER_SET_RESULTS=@@CHARACTER_SET_RESULTS */;
/*!40101 SET @OLD_COLLATION_CONNECTION=@@COLLATION_CONNECTION */;
/*!40101 SET NAMES utf8mb4 */;

--
-- Base de données : `manger`
--

-- --------------------------------------------------------

--
-- Structure de la table `aliment`
--

DROP TABLE IF EXISTS `aliment`;
CREATE TABLE IF NOT EXISTS `aliment` (
  `id` int NOT NULL AUTO_INCREMENT,
  `nom` varchar(255) DEFAULT NULL,
  `kcal` int DEFAULT NULL,
  PRIMARY KEY (`id`)
) ENGINE=MyISAM AUTO_INCREMENT=717 DEFAULT CHARSET=utf8mb4 COLLATE=utf8mb4_0900_ai_ci;

--
-- Déchargement des données de la table `aliment`
--

INSERT INTO `aliment` (`id`, `nom`, `kcal`) VALUES
(1, 'Belons', 80),
(2, 'Bigorneaux (décortiqués)', 100),
(6, 'Clams', 80),
(5, 'Bouquet de crevettes', 98),
(7, 'Clovisses', 50),
(8, 'Coques', 47),
(9, 'Coquillages', 60),
(10, 'Coquille St-Jacques', 74),
(11, 'Couteaux', 55),
(12, 'Crabe frais', 85),
(13, 'Crevettes grises', 98),
(14, 'Ecrevisses', 71),
(15, 'Gambas', 98),
(16, 'Homard', 80),
(17, 'Huîtres', 70),
(18, 'Langouste', 110),
(19, 'Langoustine', 90),
(20, 'Mollusques', 90),
(21, 'Moules', 70),
(22, 'Oursins', 70),
(23, 'Palourdes', 95),
(24, 'Pétoncles', 50),
(25, 'Poulpe', 70),
(26, 'Praires', 61),
(27, 'Scampi', 47),
(28, 'Seiche', 90),
(29, 'Tourteau', 85),
(30, 'Aiglefin', 71),
(31, 'Anchois', 160),
(32, 'Anguille', 250),
(33, 'Anguille fumée', 305),
(34, 'Araignée de mer', 95),
(35, 'Bar', 90),
(36, 'Barbue', 117),
(37, 'Baudroie ou lotte', 79),
(38, 'Brème', 100),
(39, 'Brochet', 78),
(40, 'Cabillaud ou morue', 79),
(41, 'Calmar', 89),
(42, 'Carpe d’élevage', 90),
(43, 'Carpe sauvage', 145),
(44, 'Carrelet', 65),
(45, 'Caviar', 275),
(46, 'Colin ou merlu', 92),
(47, 'Congre', 110),
(48, 'Daurade', 77),
(49, 'Eglefin', 71),
(50, 'Encornet', 89),
(51, 'Eperlan', 78),
(52, 'Espadon', 116),
(53, 'Esturgeon', 125),
(54, 'Flétan', 117),
(55, 'Gardon', 112),
(56, 'Goujon', 62),
(57, 'Grondin', 95),
(58, 'Haddock', 103),
(59, 'Hareng frais', 149),
(60, 'Hareng fumé', 200),
(61, 'Lamproie', 177),
(62, 'Lançon ou équille', 79),
(63, 'Lieu', 90),
(64, 'Limande', 78),
(65, 'Lotte ou baudroie', 79),
(66, 'Maquereau frais', 128),
(67, 'Merlan', 90),
(68, 'Merlu ou colin', 92),
(69, 'Mérou', 225),
(70, 'Morue', 79),
(71, 'Morue salée', 163),
(72, 'Mousse de poisson', 185),
(73, 'Morue séchée', 322),
(74, 'Mulet', 151),
(75, 'Murène', 176),
(76, 'Oeufs de lump', 80),
(77, 'Oeufs de poissons', 225),
(78, 'Omble ou ombre', 123),
(79, 'Ormeaux', 92),
(80, 'Pagre', 77),
(81, 'Perche', 112),
(82, 'Pieuvre', 61),
(83, 'Plie', 65),
(84, 'Poissons à l’huile', 325),
(85, 'Poissons demi-gras', 120),
(86, 'Poissons fumés', 265),
(87, 'Poissons gras', 180),
(88, 'Poissons maigres', 75),
(89, 'Poissons panés', 175),
(90, 'Poissons séchés', 320),
(91, 'Raie', 89),
(92, 'Rascasse', 98),
(93, 'Requin', 106),
(94, 'Rillettes de saumon', 320),
(95, 'Rollmops', 224),
(96, 'Rouget-barbet', 148),
(97, 'Rouget-grondin', 95),
(98, 'Roussette', 106),
(99, 'Saint-Jacques', 74),
(100, 'Saint-Pierre', 74),
(101, 'Sandre', 112),
(102, 'Sardines à l’huile', 125),
(103, 'Sardines fraîches', 77),
(104, 'Saumon (conserve)', 170),
(105, 'Saumon frais', 200),
(106, 'Saumon fumé', 265),
(107, 'Saumonette', 106),
(108, 'Silure', 250),
(109, 'Sole', 78),
(110, 'Soupe de Poissons (1 louche)', 90),
(111, 'Sprats', 160),
(112, 'Tanche', 75),
(113, 'Thon à l’huile', 280),
(114, 'Thon frais', 225),
(115, 'Truite', 103),
(116, 'Truite saumonée', 151),
(117, 'Turbot', 118),
(118, 'Turbotin', 118),
(119, 'Agneau (cervelle)', 112),
(120, 'Agneau (côtelettes)', 330),
(121, 'Agneau (épaule)', 289),
(122, 'Agneau (foie)', 132),
(123, 'Agneau (gigot)', 250),
(124, 'Agneau (langue)', 193),
(125, 'Agneau (rognon)', 87),
(126, 'Agneau (selle)', 234),
(127, 'Agneau', 280),
(128, 'Aloyau de boeuf', 266),
(129, 'Andouille', 300),
(130, 'Andouillette', 320),
(131, 'Bacon', 385),
(132, 'Bavette (boeuf)', 200),
(133, 'Bécasse', 115),
(134, 'Bifteck de boeuf', 200),
(135, 'Bifteck de cheval', 110),
(136, 'Boeuf (aiguillette)', 200),
(137, 'Boeuf (aloyau)', 266),
(138, 'Boeuf (araignée)', 200),
(139, 'Boeuf (bavette)', 200),
(140, 'Boeuf (cervelle)', 130),
(141, 'Boeuf (coeur)', 126),
(142, 'Boeuf (corned-beef)', 275),
(143, 'Boeuf (côte)', 260),
(144, 'Boeuf (culotte)', 289),
(145, 'Boeuf (échine)', 257),
(146, 'Boeuf (entrecôte)', 200),
(147, 'Boeuf (épaule)', 216),
(148, 'Boeuf (faux-filet)', 156),
(149, 'Boeuf (filet)', 180),
(150, 'Boeuf (foie)', 116),
(151, 'Boeuf (gîte)', 300),
(152, 'Boeuf (hampe)', 200),
(153, 'Boeuf (langue)', 200),
(154, 'Boeuf (macreuse)', 242),
(155, 'Boeuf (noix)', 184),
(156, 'Boeuf (onglet)', 200),
(157, 'Boeuf (paleron)', 216),
(158, 'Boeuf (palette)', 242),
(159, 'Boeuf (plates côtes)', 250),
(160, 'Boeuf (rognon)', 125),
(161, 'Boeuf (rond de gîte)', 225),
(162, 'Boeuf (rosbif)', 160),
(163, 'Boeuf (rumsteack)', 200),
(164, 'Boeuf (steack)', 200),
(165, 'Boeuf (tendron)', 300),
(166, 'Boeuf (tournedos)', 200),
(167, 'Boeuf (tripes)', 94),
(168, 'Bœuf (steak haché)', 239),
(169, 'Caille', 115),
(170, 'Canard', 250),
(171, 'Canard sauvage', 126),
(172, 'Carré de porc', 330),
(173, 'Carré de veau', 171),
(174, 'Cerf', 116),
(175, 'Cervelas', 320),
(176, 'Cervelle', 125),
(177, 'Chair à saucisse', 422),
(178, 'Charcuterie', 450),
(179, 'Cheval (steack)', 110),
(180, 'Chevreau', 160),
(181, 'Chevreuil', 120),
(182, 'Corned-beef', 275),
(183, 'Côtelettes d’agneau', 330),
(184, 'Côtes de mouton', 300),
(185, 'côtes de porc', 330),
(186, 'Côtes de veau', 168),
(187, 'Culotte de boeuf', 289),
(188, 'Culotte de veau', 171),
(189, 'Dinde', 260),
(190, 'Dinde', 125),
(191, 'Dinde, viande rôtie', 150),
(192, 'Dindonneau', 260),
(193, 'Echine de boeuf', 257),
(194, 'Echine de porc', 302),
(195, 'Escalope de veau', 170),
(196, 'Faisan', 106),
(197, 'Faux-filet (boeuf)', 360),
(198, 'Foie gras', 450),
(199, 'Foie', 133),
(200, 'Fromage de tête', 342),
(201, 'Grenouille (cuisses)', 72),
(202, 'Grive', 120),
(203, 'Hamburger', 560),
(204, 'Hot-dog (unité)', 400),
(205, 'Jambon blanc cuit à l’eau', 50),
(206, 'Jambon cru', 330),
(207, 'Jambon cuit', 290),
(208, 'Jambon de Paris', 290),
(209, 'Jambon fumé', 380),
(210, 'Jambonneau', 290),
(211, 'Jarret de veau', 183),
(212, 'Langue', 200),
(213, 'Lapin de garenne', 133),
(214, 'Lapin domestique', 160),
(215, 'Lard fumé', 670),
(216, 'Lard', 575),
(217, 'Lièvre', 100),
(218, 'Macreuse (boeuf)', 242),
(219, 'Marcassin', 104),
(220, 'Merguez', 520),
(221, 'Moelle', 605),
(222, 'Mortadelle', 305),
(223, 'Mousse de foie', 410),
(224, 'Mouton (cervelle)', 120),
(225, 'Mouton (coeur)', 157),
(226, 'Mouton (côtes)', 300),
(227, 'Mouton (épaule)', 289),
(228, 'Mouton (filet)', 225),
(229, 'Mouton (foie)', 132),
(230, 'Mouton (gigot)', 250),
(231, 'Mouton (langue)', 264),
(232, 'Mouton (rognon)', 105),
(233, 'Mouton (selle)', 250),
(234, 'Mouton', 265),
(235, 'Museau de porc', 342),
(236, 'Noix de boeuf', 184),
(237, 'Noix de porc', 289),
(238, 'Noix de veau', 160),
(239, 'Œuf dur', 70),
(240, 'Œuf au plat', 90),
(241, 'Œuf poché', 143),
(242, 'Oie', 350),
(243, 'Pâté de campagne', 455),
(244, 'Pâté de foie', 465),
(245, 'Pâté de tête', 342),
(246, 'Perdreau', 115),
(247, 'Perdrix', 115),
(248, 'Petit salé', 330),
(249, 'Pied de veau', 342),
(250, 'Pigeon', 108),
(251, 'Pintade', 108),
(252, 'Poitrine de porc', 300),
(253, 'Porc (carré)', 330),
(254, 'Porc (cervelle)', 129),
(255, 'Porc (coeur)', 115),
(256, 'Porc (côtes)', 330),
(257, 'Porc (échine)', 302),
(258, 'Porc (filet)', 290),
(259, 'Porc (foie)', 135),
(260, 'Porc (jambon fumé)', 385),
(261, 'Porc (jambon)', 300),
(262, 'Porc (langue)', 207),
(263, 'Porc (lard fumé)', 670),
(264, 'Porc (lard)', 575),
(265, 'Porc (noix)', 289),
(266, 'Porc (palette)', 300),
(267, 'Porc (pied)', 342),
(268, 'Porc (poitrine)', 300),
(269, 'Porc (rognons)', 102),
(270, 'Porc (rôti)', 300),
(271, 'Porc (salami)', 410),
(272, 'Porc (saucisse)', 330),
(273, 'Porc (saucisson)', 440),
(274, 'Porc (travers)', 305),
(275, 'Porc', 300),
(276, 'Poule', 300),
(277, 'Poulet', 150),
(278, 'Quasi de veau', 171),
(279, 'Rillettes', 250),
(280, 'Rillettes d’oie', 464),
(281, 'Ris de veau', 125),
(282, 'Rognons', 120),
(283, 'Rond de gîte', 225),
(284, 'Rosbif', 160),
(285, 'Rôti de porc', 300),
(286, 'Rôti de veau', 168),
(287, 'Sanglier', 104),
(288, 'Tartare (steack)', 200),
(289, 'Tendron de boeuf', 300),
(290, 'Tête de veau', 210),
(291, 'Tournedos (boeuf)', 200),
(292, 'Travers de porc', 305),
(293, 'Tripes', 94),
(294, 'Veau (aloyau)', 175),
(295, 'Veau (araignée)', 171),
(296, 'Veau (carré)', 171),
(297, 'Veau (cervelle)', 120),
(298, 'Veau (coeur)', 127),
(299, 'Veau (côtes)', 168),
(300, 'Veau (épaule)', 168),
(301, 'Veau, escalope, poêlée', 150),
(302, 'Veau (foie)', 137),
(303, 'Veau (hampe)', 200),
(304, 'Veau (jarret)', 183),
(305, 'Veau (langue)', 123),
(306, 'Veau (longe)', 171),
(307, 'Veau (noix)', 160),
(308, 'Veau (onglet)', 171),
(309, 'Veau (pieds)', 342),
(310, 'Veau (quasi)', 171),
(311, 'Veau (ris)', 116),
(312, 'Veau (rognon)', 123),
(313, 'Veau (rôti)', 168),
(314, 'Veau (tête)', 210),
(315, 'Artichaut', 40),
(316, 'Asperges', 26),
(317, 'Aubergine', 29),
(318, 'Avocat', 200),
(319, 'Bette ou blette', 33),
(320, 'Betterave rouge', 40),
(321, 'Bouillon de légumes (1 louche)', 30),
(322, 'Brocolis', 34),
(323, 'Carde ou cardon', 33),
(324, 'Carotte (jus)', 24),
(325, 'Carotte', 38),
(326, 'Céleri (feuille)', 20),
(327, 'Céleri-rave', 44),
(328, 'Cêpes', 28),
(329, 'Champignons', 28),
(330, 'Chanterelles', 28),
(331, 'Chicorée frisée', 20),
(332, 'Chou brocolis', 34),
(333, 'Chou chinois', 12),
(334, 'Chou de Bruxelles', 54),
(335, 'Chou', 28),
(336, 'Choucroute', 27),
(337, 'Chou-fleur', 30),
(338, 'Chou-navet', 34),
(339, 'Chou-rave', 40),
(340, 'Chou-rouge', 36),
(341, 'Citron (jus)', 32),
(342, 'Citrouille', 30),
(343, 'Coeur de palmier', 56),
(344, 'Concombre', 13),
(345, 'Condiments', 0),
(346, 'Cornichons', 13),
(347, 'Courge', 30),
(348, 'Courgette', 30),
(349, 'Crème de légumes (1 louche)', 200),
(350, 'Cresson (soupe) (1 louche)', 120),
(351, 'Cresson', 20),
(352, 'Echalottes', 75),
(353, 'Endive', 20),
(354, 'Epinards', 25),
(355, 'Fenouil', 20),
(356, 'Fève sèche', 345),
(357, 'Fève', 117),
(358, 'Flageolets', 120),
(359, 'Gingembre', 61),
(360, 'Girolles', 28),
(361, 'Haricot de Lima', 330),
(362, 'Haricot mange-tout', 40),
(363, 'Haricot mungo', 344),
(364, 'Haricot sec (cru)', 330),
(365, 'Haricot sec (cuit)', 120),
(366, 'Haricot vert', 40),
(367, 'Laitue', 18),
(368, 'Légumes secs', 330),
(369, 'Légumes verts', 47),
(370, 'Lentilles (soupe) (1 louche)', 360),
(371, 'Lentilles', 338),
(372, 'Macédoine de légumes', 72),
(373, 'Mâche', 36),
(374, 'Maïs (conserve)', 140),
(375, 'Maïs (grain)', 356),
(376, 'Manioc (racine)', 140),
(377, 'Morilles', 28),
(378, 'Navet', 35),
(379, 'Oignons (soupe) (1 louche)', 90),
(380, 'Oignons', 46),
(381, 'Palmier (coeur)', 56),
(382, 'Panais', 74),
(383, 'Patate douce', 110),
(384, 'Petits pois', 70),
(385, 'Pissenlit', 48),
(386, 'Poireau', 42),
(387, 'Pois (petits pois)', 70),
(388, 'Pois cassés (soupe) (1 louche)', 380),
(389, 'Pois cassés', 356),
(390, 'Pois chiche', 360),
(391, 'Pois secs', 330),
(392, 'Poivron', 22),
(393, 'Pomme de terre (chips)', 570),
(394, 'Pomme de terre (flocons)', 357),
(395, 'Pomme de terre (frites)', 420),
(396, 'Pomme de terre (purée)', 95),
(397, 'Pomme de terre', 90),
(398, 'Potiron', 30),
(399, 'Pourpier (feuille)', 15),
(400, 'Pousses de bambou', 35),
(401, 'Radis', 20),
(402, 'Romaine', 18),
(403, 'Rutabaga', 34),
(404, 'Salade verte', 18),
(405, 'Salsifis', 77),
(406, 'Scarole', 25),
(407, 'Tétragone', 25),
(408, 'Tomate (concentré)', 90),
(409, 'Tomate (jus)', 16),
(410, 'Tomate (sauce)', 120),
(411, 'Tomate', 20),
(412, 'Topinambour', 78),
(413, 'Truffe fraîche', 92),
(414, 'Abricot frais', 45),
(415, 'Abricot jus', 60),
(416, 'Abricots secs', 272),
(417, 'Airelle', 25),
(418, 'Amande (unité)', 10),
(419, 'Amandes', 634),
(420, 'Ananas (conserve)', 96),
(421, 'Ananas frais', 51),
(422, 'Ananas jus', 54),
(423, 'Banane', 90),
(424, 'Banane plantain', 126),
(425, 'Banane sèche', 290),
(426, 'Brugnons', 64),
(427, 'Cassis', 60),
(428, 'Cerises', 77),
(429, 'Châtaignes', 211),
(430, 'Citron', 40),
(431, 'Coco (lait)', 20),
(432, 'Coco (noix fraîche)', 371),
(433, 'Coco (noix sèche)', 594),
(434, 'Coing', 32),
(435, 'Compotes', 100),
(436, 'Dattes', 306),
(437, 'Dattes “Deglet Nour”', 311),
(438, 'Figue', 80),
(439, 'Figue sèche', 270),
(440, 'Fraises', 36),
(441, 'Framboises', 40),
(442, 'Framboise (jus)', 44),
(443, 'Fruit de la passion', 100),
(444, 'Fruits (compote)', 100),
(445, 'Fruits (jus 100%)', 48),
(446, 'Fruits (nectars)', 70),
(447, 'Fruits au sirop', 100),
(448, 'Fruits confits', 380),
(449, 'Fruits secs', 300),
(450, 'Gelée de fruits', 280),
(451, 'Goyave', 60),
(452, 'Grenade', 64),
(453, 'Groseilles', 30),
(454, 'Igname', 100),
(455, 'Jujube', 135),
(456, 'Jus de fruit 100%', 48),
(457, 'Kaki', 63),
(458, 'Kiwi', 53),
(459, 'Limette', 51),
(460, 'Litchis', 68),
(461, 'Macédoine de fruits', 100),
(462, 'Mandarine', 40),
(463, 'Mangue', 62),
(464, 'Marrons', 211),
(465, 'Marrons (crème)', 298),
(466, 'Marrons (purée)', 211),
(467, 'Marrons glacés', 305),
(468, 'Melon', 31),
(469, 'Mirabelles', 58),
(470, 'Mousserons', 28),
(471, 'Mûres', 57),
(472, 'Myrtilles', 16),
(473, 'Nectars de fruits', 70),
(474, 'Nèfles', 97),
(475, 'Noisette (unité)', 10),
(476, 'Noisettes', 656),
(477, 'Noix', 660),
(478, 'Noix (unité)', 20),
(479, 'Noix de cajou', 612),
(480, 'Noix de coco', 371),
(481, 'Orange', 40),
(482, 'Orange jus', 42),
(483, 'Pamplemousse', 40),
(484, 'Pamplemousse jus', 42),
(485, 'Papaye', 44),
(486, 'Pastèque', 30),
(487, 'Pêche', 47),
(488, 'Pêche (jus)', 52),
(489, 'Pêches au sirop', 70),
(490, 'Poire', 61),
(491, 'Poire (jus)', 60),
(492, 'Pomme', 52),
(493, 'Pomme (jus)', 47),
(494, 'Prune', 56),
(495, 'Prune (jus)', 68),
(496, 'Pruneaux', 290),
(497, 'Quetsches', 56),
(498, 'Raisin', 81),
(499, 'Raisin jus', 76),
(500, 'Raisins secs', 324),
(501, 'Rhubarbe', 16),
(502, 'Babybel', 335),
(503, 'Beaufort', 396),
(504, 'Beurre', 760),
(505, 'Beurre (1 noix)', 70),
(506, 'Beurre allégé', 410),
(507, 'Beurre salé', 760),
(508, 'Bleus', 410),
(509, 'Bonbel', 353),
(510, 'Boursault', 354),
(511, 'Boursin', 414),
(512, 'Brie', 263),
(513, 'Camembert', 312),
(514, 'Cantal', 386),
(515, 'Carré de l’Est', 362),
(516, 'Chavignols', 330),
(517, 'Cheddar', 382),
(518, 'Chèvre', 330),
(519, 'Comté', 396),
(520, 'Coulommiers', 278),
(521, 'Crème de gruyère', 280),
(522, 'Crème fraîche', 300),
(523, 'Crème fraîche (1 c. à soupe)', 60),
(524, 'Crottins (fromage)', 80),
(525, 'Demisel', 174),
(526, 'Edam', 353),
(527, 'Emmenthal', 415),
(528, 'Fromage blanc à 0% aux fruits', 80),
(529, 'Fromage blanc à 0% MG', 44),
(530, 'Fromage blanc à 20% MG', 80),
(531, 'Fromage blanc à 40% MG', 116),
(532, 'Gorgonzola', 405),
(533, 'Gouda', 353),
(534, 'Gruyère', 392),
(535, 'Hollande', 353),
(536, 'Kéfir', 44),
(537, 'Lait 1/2 écrémé', 49),
(538, 'Lait concentré', 130),
(539, 'Lait concentré sucré', 330),
(540, 'Lait écrémé', 34),
(541, 'Lait écrémé (poudre)', 375),
(542, 'Lait entier', 65),
(543, 'Lait entier (poudre)', 482),
(544, 'Margarine (1 noix)', 75),
(545, 'Margarine', 755),
(546, 'Maroilles', 420),
(547, 'Mimolette', 344),
(548, 'Morbier', 300),
(549, 'Mozzarelle', 332),
(550, 'Munster', 320),
(551, 'Parmesan', 393),
(552, 'Pavé d’Auge', 300),
(553, 'Petitsuisse (40 %)', 146),
(554, 'Petitsuisse (60 %)', 236),
(555, 'PontLévêque', 300),
(556, 'Portsalut', 362),
(557, 'Pyrénées', 365),
(558, 'Reblochon', 354),
(559, 'Roquefort', 405),
(560, 'Rouy', 362),
(561, 'SaintFlorentin', 312),
(562, 'SaintMarcellin', 228),
(563, 'SaintNectaire', 354),
(564, 'SaintPaulin', 365),
(565, 'Tartare', 69),
(566, 'Tomme', 354),
(567, 'Yaourt à 0% (unité)', 44),
(568, 'Yaourt à 0% sucré', 80),
(569, 'Yaourt aromatisé', 120),
(570, 'Yaourt au chocolat', 140),
(571, 'Yaourt aux fruits', 100),
(572, 'Yaourt nature (unité)', 55),
(573, 'Huile d’arachides', 900),
(574, 'Beurre', 760),
(575, 'Beurre (1 noix)', 70),
(576, 'Beurre allégé', 410),
(577, 'Beurre salé', 760),
(578, 'Huile de colza', 900),
(579, 'Graisse d’oie (1 cuil. soupe)', 180),
(580, 'Huile de paraffine', 0),
(581, 'Margarine', 755),
(582, 'Margarine (1 noisette)', 75),
(583, 'Huile d’olives', 900),
(584, 'Saindoux', 850),
(585, 'Huile de soja', 900),
(586, 'Huile de tournesol', 900),
(587, 'Végétaline', 900),
(588, 'Baguette (unité)', 510),
(589, 'Biscotte (unité)', 39),
(590, 'Biscottes', 390),
(591, 'Biscottes au gluten', 406),
(592, 'Biscottes sans sel', 390),
(593, 'Chapelure', 382),
(594, 'Ficelle (unité)', 382),
(595, 'Flocons d’avoine nature', 120),
(596, 'Friand (unité)', 370),
(597, 'Gressins', 350),
(598, 'Pain azyme', 255),
(599, 'Pain bis', 255),
(600, 'Pain blanc', 255),
(601, 'Pain brioché', 267),
(602, 'Pain complet', 230),
(603, 'Pain d’épice', 350),
(604, 'Pain de mie', 284),
(605, 'Pain de seigle', 241),
(606, 'Pain de son', 257),
(607, 'Pain grillé', 416),
(608, 'Pain viennois', 258),
(609, 'Pâtes natures', 90),
(610, 'Quiche (unité)', 340),
(611, 'Riz blanc cuit', 90),
(612, 'Riz basmati cuit', 90),
(613, 'Riz complet cuit', 98),
(614, 'Sandwich (gruyère)', 480),
(615, 'Sandwich (jambon)', 430),
(616, 'Sandwich (rillettes)', 580),
(617, 'Sandwich (saucisson)', 530),
(618, 'Sandwich (thon)', 450),
(619, 'Sandwich (viande)', 450),
(620, 'Semoule nature', 130),
(621, 'Carottes râpées vinaigrette', 130),
(622, 'Cassoulet', 180),
(623, 'Céleri rémoulade', 100),
(624, 'Champignon à la grecque', 90),
(625, 'Choucroute garnie', 170),
(626, 'Couscous aux légumes', 100),
(627, 'Endives au jambon', 120),
(628, 'Paella', 180),
(629, 'Poulet basquaise', 150),
(630, 'Ratatouille niçoise', 100),
(631, 'Soupe à la tomate', 30),
(632, 'Soupe aux légumes verts', 25),
(633, 'Soupe de poisson', 30),
(634, 'Taboulé', 150),
(635, 'Tomate farcie', 120),
(636, 'Ketchup', 110),
(637, 'Mayonnaise', 680),
(638, 'Moutarde', 100),
(639, 'Sauce bolognaise', 120),
(640, 'Biscuits pomme Regain', 470),
(641, 'Biscuits', 400),
(642, 'Boudoir', 388),
(643, 'Boudoirs', 388),
(644, 'Brioche', 386),
(645, 'Chausson (unité)', 300),
(646, 'Clafoutis (1 part)', 270),
(647, 'Compote de pomme sans sucre ajouté', 45),
(648, 'Congolais (unité)', 130),
(649, 'Cookies', 464),
(650, 'Crakers', 360),
(651, 'Craquelin (unité)', 100),
(652, 'Crème chantilly', 288),
(653, 'Crème glacée chocolat', 235),
(654, 'Crème glacée fraises', 192),
(655, 'Crème glacée pistache', 451),
(656, 'Crème glacée vanille', 165),
(657, 'Crêpe nature (unité)', 40),
(658, 'Crêpe nature', 227),
(659, 'Crêpes orientales', 345),
(660, 'Croissant (unité)', 180),
(661, 'Croquants (unité)', 218),
(662, 'Eclair au chocolat', 262),
(663, 'Fondants', 380),
(664, 'Gâteau au chocolat', 360),
(665, 'Gâteaux secs', 420),
(666, 'Gaufre nature', 291),
(667, 'Gaufres', 400),
(668, 'Gaufrettes fourrées', 523),
(669, 'Gaufrettes', 368),
(670, 'Macaron (unité)', 120),
(671, 'Macarons', 452),
(672, 'Madeleine (unité)', 95),
(673, 'Madeleines', 490),
(674, 'Millefeuille (unité)', 320),
(675, 'Muffins (unité)', 150),
(676, 'Pain au chocolat (unité)', 280),
(677, 'Pain au lait (unité)', 120),
(678, 'Pain au raisin (unité)', 270),
(679, 'Petitbeurre (unité)', 35),
(680, 'Petitbeurre', 420),
(681, 'Pudding (1 part)', 360),
(682, 'Quatrequarts', 400),
(683, 'Sablés', 460),
(684, 'Sorbet', 90),
(685, 'Tarte (pommes)', 300),
(686, 'Barre céréales et chocolat taillefine', 79),
(687, 'Barre Kit Kat', 518),
(688, 'Barre Mars', 423),
(689, 'Barre Muesli', 531),
(690, 'Barre Snickers', 467),
(691, 'Barre Twix', 499),
(692, 'Bonbons M&M’S', 526),
(693, 'Cassonade', 380),
(694, 'Chocolat au lait', 550),
(695, 'Chocolat blanc', 570),
(696, 'Chocolat noir', 520),
(697, 'Confits abricots', 338),
(698, 'Confits ananas', 316),
(699, 'Croissant beurre', 406),
(700, 'Massepain', 550),
(701, 'Ferrero Rocher', 560),
(702, 'Miel', 304),
(703, 'Gingembre confit', 351),
(704, 'Nutella', 530),
(705, 'Pain au chocolat', 410),
(706, 'Pain d’épice', 356),
(707, 'Pâte de fruit', 217),
(708, 'Petit Ecolier', 495),
(709, 'Pop corn', 382),
(710, 'Réglisse', 377),
(711, 'Sirop d’agave', 376),
(712, 'Sucre', 396),
(713, 'Sucre canne', 396),
(714, 'Sucre glace', 399),
(715, 'Sucre roux', 390),
(716, 'Sucre vanillé', 396);

-- --------------------------------------------------------

--
-- Structure de la table `favori`
--

DROP TABLE IF EXISTS `favori`;
CREATE TABLE IF NOT EXISTS `favori` (
  `id` varchar(13) NOT NULL,
  `idUtilisateur` int DEFAULT NULL,
  `type` varchar(255) DEFAULT NULL,
  `idFavori` varchar(13) DEFAULT NULL,
  PRIMARY KEY (`id`),
  KEY `idUtilisateur` (`idUtilisateur`)
) ENGINE=MyISAM AUTO_INCREMENT=66 DEFAULT CHARSET=utf8mb4 COLLATE=utf8mb4_0900_ai_ci;

-- --------------------------------------------------------

--
-- Structure de la table `notification`
--

DROP TABLE IF EXISTS `notification`;
CREATE TABLE IF NOT EXISTS `notification` (
  `id` varchar(13) NOT NULL,
  `type` varchar(255) DEFAULT NULL,
  `idUserOrigine` varchar(13) DEFAULT NULL,
  `idUserDest` varchar(13) DEFAULT NULL,
  `date` datetime DEFAULT NULL,
  PRIMARY KEY (`id`),
  KEY `fk_idUserOrigine` (`idUserOrigine`),
  KEY `fk_idUserDest` (`idUserDest`)
) ENGINE=MyISAM DEFAULT CHARSET=utf8mb4 COLLATE=utf8mb4_0900_ai_ci;

-- --------------------------------------------------------

--
-- Structure de la table `planning`
--

DROP TABLE IF EXISTS `planning`;
CREATE TABLE IF NOT EXISTS `planning` (
  `id` varchar(13) NOT NULL,
  `id_user` int NOT NULL,
  `date` date NOT NULL,
  PRIMARY KEY (`id`)
) ENGINE=MyISAM AUTO_INCREMENT=66 DEFAULT CHARSET=utf8mb4 COLLATE=utf8mb4_0900_ai_ci;

--
-- Déchargement des données de la table `planning`
--

INSERT INTO `planning` (`id`, `id_user`, `date`) VALUES
('SEDRFTGYHUJ', 9, '0000-00-00'),
('IU65REDFGH', 8, '0000-00-00'),
('OIUY6T5REDFG', 7, '0000-00-00'),
('9876TGHJI', 6, '0000-00-00'),
('987YGBHYTRF', 3, '0000-00-00'),
('FEZFEZFZGV', 5, '0000-00-00'),
('FEYGZOFF', 4, '0000-00-00'),
('8UJHY6TGFR4ED', 1, '0000-00-00'),
('EDRFTGYHUJI', 10, '0000-00-00'),
('0987TGSA', 11, '0000-00-00'),
('PJHYGYBUNI', 12, '0000-00-00'),
('KJHBGVSZA', 13, '0000-00-00'),
('POKIJHUYGTFS', 14, '0000-00-00'),
('OIJHUYG7TF6YS', 15, '0000-00-00'),
('POKIJHGTFV', 6606, '0000-00-00'),
('66192fa122ce1', 66192, '0000-00-00'),
('6619484b8f971', 6619484, '0000-00-00');

-- --------------------------------------------------------

--
-- Structure de la table `planningrecette`
--

DROP TABLE IF EXISTS `planningrecette`;
CREATE TABLE IF NOT EXISTS `planningrecette` (
  `id` int NOT NULL AUTO_INCREMENT,
  `idPlanning` varchar(13) DEFAULT NULL,
  `idRecette` varchar(13) DEFAULT NULL,
  `dateDebut` date DEFAULT NULL,
  `dateFin` date DEFAULT NULL,
  PRIMARY KEY (`id`),
  KEY `idPlanning` (`idPlanning`),
  KEY `idRecette` (`idRecette`)
) ENGINE=MyISAM AUTO_INCREMENT=65 DEFAULT CHARSET=utf8mb4 COLLATE=utf8mb4_0900_ai_ci;

--
-- Déchargement des données de la table `planningrecette`
--

INSERT INTO `planningrecette` (`id`, `idPlanning`, `idRecette`, `dateDebut`, `dateFin`) VALUES
(64, '66192fa122ce1', '66142900c00df', '2024-04-12', '2024-04-12'),
(63, '6619484b8f971', '66142977b1db9', '2024-04-18', '2024-04-18'),
(62, '6619484b8f971', '661428b53eaa6', '2024-04-15', '2024-04-16'),
(61, '6619484b8f971', '66142900c00df', '2024-04-12', '2024-04-12');

-- --------------------------------------------------------

--
-- Structure de la table `recette`
--

DROP TABLE IF EXISTS `recette`;
CREATE TABLE IF NOT EXISTS `recette` (
  `id` varchar(13) NOT NULL,
  `nom` varchar(255) NOT NULL,
  `description` varchar(1000) DEFAULT NULL,
  `id_utilisateur` int NOT NULL,
  PRIMARY KEY (`id`),
  KEY `fk_utilisateur` (`id_utilisateur`)
) ENGINE=MyISAM AUTO_INCREMENT=13 DEFAULT CHARSET=utf8mb4 COLLATE=utf8mb4_0900_ai_ci;

--
-- Déchargement des données de la table `recette`
--

INSERT INTO `recette` (`id`, `nom`, `description`, `id_utilisateur`) VALUES
('66142900c00df', 'Asperges blanches, crème à la ciboulette', '', -1),
('66142977b1db9', 'Taboulé', '', -1),
('661428b53eaa6', 'Tarte thon, tomate et moutarde', 'Se mange aussi bien chaude que froide. Peut servir de plat unique en été si accompagnée d\'une petite salade verte mélangée (frisée, scarole, lola rossa, laitue, etc...).', -1),
('6614285c10b88', 'Falafel', 'Servir en accompagnement d\'une quiche ou d\'une tourte. Excellent repas du soir. Vous pouvez utiliser des croûtons déjà prêts. La sauce peut être préparée 6 heures à l\'avance et réservée au frais.', -1),
('661427f678aee', 'Salade César', 'Servir en accompagnement d\'une quiche ou d\'une tourte. Excellent repas du soir. Vous pouvez utiliser des croûtons déjà prêts. La sauce peut être préparée 6 heures à l\'avance et réservée au frais.', -1);

-- --------------------------------------------------------

--
-- Structure de la table `recettealiment`
--

DROP TABLE IF EXISTS `recettealiment`;
CREATE TABLE IF NOT EXISTS `recettealiment` (
  `id_recette` varchar(13) NOT NULL,
  `id_aliment` int NOT NULL,
  `quantite` varchar(100) DEFAULT NULL,
  `unite` varchar(255) DEFAULT NULL,
  PRIMARY KEY (`id_recette`,`id_aliment`),
  KEY `id_aliment` (`id_aliment`)
) ENGINE=MyISAM DEFAULT CHARSET=utf8mb4 COLLATE=utf8mb4_0900_ai_ci;

--
-- Déchargement des données de la table `recettealiment`
--

INSERT INTO `recettealiment` (`id_recette`, `id_aliment`, `quantite`, `unite`) VALUES
('661427f678aee', 638, '10', 'g'),
('661427f678aee', 341, '30', 'g'),
('661427f678aee', 602, '50', 'g'),
('661427f678aee', 551, '14', 'g'),
('661427f678aee', 367, '19', 'g'),
('661427f678aee', 583, '190', 'g'),
('6614285c10b88', 390, '17', 'g'),
('6614285c10b88', 380, '100', 'g'),
('6614285c10b88', 356, '76', 'g'),
('661428b53eaa6', 411, '56', 'g'),
('661428b53eaa6', 609, '45', 'g'),
('661428b53eaa6', 114, '200', 'g'),
('661428b53eaa6', 537, '198', 'g'),
('661428b53eaa6', 638, '10', 'g'),
('66142900c00df', 316, '100', 'g'),
('66142900c00df', 525, '100', 'g'),
('66142900c00df', 430, '100', 'g'),
('66142900c00df', 522, '15', 'g'),
('66142977b1db9', 634, '98', 'g'),
('66142977b1db9', 380, '876', 'g'),
('66142977b1db9', 411, '156', 'g'),
('66142977b1db9', 392, '190', 'g'),
('66142977b1db9', 525, '16', 'g');

-- --------------------------------------------------------

--
-- Structure de la table `relationnutritionniste`
--

DROP TABLE IF EXISTS `relationnutritionniste`;
CREATE TABLE IF NOT EXISTS `relationnutritionniste` (
  `id` varchar(13) NOT NULL,
  `idNutritionniste` varchar(13) DEFAULT NULL,
  `idClient` varchar(13) DEFAULT NULL,
  `nutritionnisteAccesPlanning` tinyint(1) NOT NULL DEFAULT '0',
  PRIMARY KEY (`id`),
  KEY `idNutritionniste` (`idNutritionniste`),
  KEY `idClient` (`idClient`)
) ENGINE=MyISAM AUTO_INCREMENT=2147483648 DEFAULT CHARSET=utf8mb4 COLLATE=utf8mb4_0900_ai_ci;

--
-- Déchargement des données de la table `relationnutritionniste`
--

INSERT INTO `relationnutritionniste` (`id`, `idNutritionniste`, `idClient`, `nutritionnisteAccesPlanning`) VALUES
('6619552dbe935', '66192fa120dbe', '6619484b8f09d', 1),
('661954cfbf9ca', '66192fa120dbe', '66192fa120dbe', 0);

-- --------------------------------------------------------

--
-- Structure de la table `utilisateurs`
--

DROP TABLE IF EXISTS `utilisateurs`;
CREATE TABLE IF NOT EXISTS `utilisateurs` (
  `id` varchar(13) NOT NULL,
  `role` enum('utilisateur','admin','nutritionniste') NOT NULL,
  `nom_utilisateur` varchar(255) NOT NULL,
  `mdp` varchar(255) NOT NULL,
  `email` varchar(255) CHARACTER SET utf8mb4 COLLATE utf8mb4_0900_ai_ci NOT NULL,
  `token` varchar(100) DEFAULT NULL,
  PRIMARY KEY (`id`)
) ENGINE=MyISAM AUTO_INCREMENT=6607 DEFAULT CHARSET=utf8mb4 COLLATE=utf8mb4_0900_ai_ci;

--
-- Déchargement des données de la table `utilisateurs`
--

INSERT INTO `utilisateurs` (`id`, `role`, `nom_utilisateur`, `mdp`, `email`, `token`) VALUES
('1', 'admin', 'Theo', '1f3ce40415a2081fa3eee75fc39fff8e56c22270d1a978a7249b592dcebd20b4', 'sasasasa@ee.Fr', NULL),
('4', 'utilisateur', 'Jean', 'motdepasse1', 'admin1@example.com', NULL),
('5', 'utilisateur', 'Raymond', 'motdepasse2', 'utilisateur1@example.com', NULL),
('3', 'nutritionniste', 'Juliette', '1f3ce40415a2081fa3eee75fc39fff8e56c22270d1a978a7249b592dcebd20b4', 'dded@de.com', NULL),
('6', 'utilisateur', 'Matthieu', 'motdepasse3', 'utilisateur2@example.com', NULL),
('7', 'nutritionniste', 'Eric', 'motdepasse4', 'nutritionniste1@example.com', NULL),
('8', 'nutritionniste', 'Alex', 'motdepasse4', 'nutritionniste21@example.com', NULL),
('9', 'nutritionniste', 'Mohamed', 'motdepasse4', 'nutritionniste331@example.com', NULL),
('10', 'nutritionniste', 'Ursula', 'motdepasse4', 'nutritionniste41@example.com', NULL),
('11', 'nutritionniste', 'Yannis', 'motdepasse4', 'nutritionniste441@example.com', NULL),
('12', 'utilisateur', 'Franck', '1f3ce40415a2081fa3eee75fc39fff8e56c22270d1a978a7249b592dcebd20b4', 'client@free.fr', NULL),
('13', 'utilisateur', 'Jean-Eude', '9c1623f0d38e28e9594f2ef31a7ec909291c4fdb05a777dccd2e936a7f406011', 'dded@de.com', NULL),
('14', 'utilisateur', 'Elias', 'dd9603a19faa94218b85c812130ac7635385fb33a1acf69a7b4e10415d49d3b4', 'sasasasa@ee.Fr', NULL),
('15', 'utilisateur', 'Marie', '043a718774c572bd8a25adbeb1bfcd5c0256ae11cecf9f9c3f925d0e52beaf89', 'sasasasa@ee.Fr', NULL),
('6606', 'utilisateur', 'Magalie', '9c0ada37bf74aeefae949fdfc90db0cf6eaf90192eff67d65887771f0585e055', 'sasasasa@ee.Fr', NULL),
('6619484b8f09d', 'utilisateur', 'jul', 'ca978112ca1bbdcafac231b39a23dc4da786eff8147c4e72b9807785afee48bb', 'sasasasa@ee.Fr', NULL),
('66192fa120dbe', 'nutritionniste', 'theonutritionniste', 'ca978112ca1bbdcafac231b39a23dc4da786eff8147c4e72b9807785afee48bb', 'sasasasa@ee.Fr', NULL);
COMMIT;

/*!40101 SET CHARACTER_SET_CLIENT=@OLD_CHARACTER_SET_CLIENT */;
/*!40101 SET CHARACTER_SET_RESULTS=@OLD_CHARACTER_SET_RESULTS */;
/*!40101 SET COLLATION_CONNECTION=@OLD_COLLATION_CONNECTION */;
